Spectrum Number,Baseline Order,Pressure,Segment Number,Temperature,baseline_a,molefraction_O2,x_shift
1.0,0.0,0.026315789473684216,0.0,298.15,-9.911083185877572e-08,0.002022,0.0
2.0,0.0,0.05263157894736843,0.0,298.15,-1.925247622882263e-05,0.002022,0.0
3.0,0.0,0.07894736842105263,0.0,298.15,-4.833483049235843e-05,0.002022,0.0
4.0,0.0,0.10526315789473686,0.0,298.15,2.199691097704121e-05,0.002022,0.0
